feature1,feature2,feature3
1.4638501094227998,1.4638501094227998,7.0
0.29277002188455997,0.29277002188455997,6.0
-0.8783100656536799,-0.8783100656536799,4.0
-1.4638501094227998,-1.4638501094227998,3.0
-0.29277002188455997,-0.29277002188455997,5.0
0.8783100656536799,0.8783100656536799,7.0
